-- phpMyAdmin SQL Dump
-- version 5.1.3
-- https://www.phpmyadmin.net/
--
-- Servidor: 127.0.0.1
-- Tiempo de generación: 13-01-2025 a las 00:49:16
-- Versión del servidor: 10.4.24-MariaDB
-- Versión de PHP: 8.1.5

SET SQL_MODE = "NO_AUTO_VALUE_ON_ZERO";
START TRANSACTION;
SET time_zone = "+00:00";

--
-- Base de datos: `sistemadeventas`
--

-- --------------------------------------------------------

--
-- Estructura de tabla para la tabla `tb_almacen`
--

CREATE TABLE `tb_almacen` (
  `id_producto` int(11) NOT NULL,
  `codigo` varchar(255) COLLATE utf8_spanish_ci NOT NULL,
  `nombre` varchar(255) COLLATE utf8_spanish_ci NOT NULL,
  `descripcion` text COLLATE utf8_spanish_ci DEFAULT NULL,
  `stock` int(11) NOT NULL,
  `stock_minimo` int(11) DEFAULT NULL,
  `stock_maximo` int(11) DEFAULT NULL,
  `precio_compra` varchar(255) COLLATE utf8_spanish_ci NOT NULL,
  `precio_venta` varchar(255) COLLATE utf8_spanish_ci NOT NULL,
  `fecha_ingreso` date NOT NULL,
  `imagen` text COLLATE utf8_spanish_ci DEFAULT NULL,
  `id_usuario` int(11) NOT NULL,
  `id_categoria` int(11) NOT NULL,
  `fyh_creacion` datetime NOT NULL,
  `fyh_actualizacion` datetime NOT NULL
) ENGINE=InnoDB DEFAULT CHARSET=utf8 COLLATE=utf8_spanish_ci;

--
-- Volcado de datos para la tabla `tb_almacen`
--

INSERT INTO `tb_almacen` (`id_producto`, `codigo`, `nombre`, `descripcion`, `stock`, `stock_minimo`, `stock_maximo`, `precio_compra`, `precio_venta`, `fecha_ingreso`, `imagen`, `id_usuario`, `id_categoria`, `fyh_creacion`, `fyh_actualizacion`) VALUES
(1, 'P-00001', 'COCA QUINA', 'de 2 litros', 20, 20, 500, '9', '12', '2023-02-12', '2023-02-12-06-26-25__6020052-1000x1000.jpg', 1, 1, '2023-02-12 18:26:25', '0000-00-00 00:00:00'),
(2, 'P-00002', 'AUDIFONOS', 'Con cargado incorporado', 111, 10, 200, '100', '120', '2023-02-13', '2023-02-13-02-29-53__8810fb37cb2f03d30c7c467ec772b5ed6811e7e6.jpeg', 1, 11, '2023-02-13 14:29:53', '2025-01-12 16:04:07'),
(3, 'P-00003', 'VINO TINTO', 'VINO TINTO BLANCO DE 300 ml', 100, 10, 200, '50', '80', '2023-02-13', '2023-02-13-02-35-15__vino.JPG', 1, 1, '2023-02-13 14:35:15', '0000-00-00 00:00:00'),
(4, 'P-00004', 'CAMARA 110', 'PARA MOTOS', 50, 10, 50, '150000', '180000', '2025-01-11', '2025-01-11-06-14-25__D_NQ_NP_745915-MLA51454787438_092022-O.webp', 1, 8, '2025-01-11 18:14:25', '2025-01-11 18:14:53');

-- --------------------------------------------------------

--
-- Estructura de tabla para la tabla `tb_categorias`
--

CREATE TABLE `tb_categorias` (
  `id_categoria` int(11) NOT NULL,
  `nombre_categoria` varchar(255) COLLATE utf8_spanish_ci NOT NULL,
  `fyh_creacion` datetime NOT NULL,
  `fyh_actualizacion` datetime NOT NULL
) ENGINE=InnoDB DEFAULT CHARSET=utf8 COLLATE=utf8_spanish_ci;

--
-- Volcado de datos para la tabla `tb_categorias`
--

INSERT INTO `tb_categorias` (`id_categoria`, `nombre_categoria`, `fyh_creacion`, `fyh_actualizacion`) VALUES
(1, 'LIQUIDOS', '2023-01-24 22:25:10', '2023-01-24 22:25:10'),
(2, 'FRUTAS', '2023-01-25 14:39:50', '2023-01-25 15:09:07'),
(3, 'COMIDAS', '2023-01-25 14:40:27', '0000-00-00 00:00:00'),
(4, 'ELECTRODOMESTICOS', '2023-01-25 14:41:14', '0000-00-00 00:00:00'),
(5, 'VERDURAS', '2023-01-25 14:43:06', '0000-00-00 00:00:00'),
(6, 'MEDICAMENTOS Y COMIDAS', '2023-01-25 14:44:51', '2023-01-25 15:09:22'),
(8, 'algo2', '2023-01-25 17:49:21', '2023-01-25 17:54:25'),
(9, 'algo3', '2023-01-25 17:54:06', '2023-01-25 17:57:31'),
(11, 'ELECTRONICOS', '2023-01-29 23:01:42', '0000-00-00 00:00:00'),
(12, 'Lavadero', '2025-01-11 19:08:28', '0000-00-00 00:00:00'),
(13, 'Limpieza Integral', '2025-01-11 19:08:52', '0000-00-00 00:00:00'),
(14, 'PULIDA', '2025-01-11 19:09:10', '0000-00-00 00:00:00'),
(15, 'Encerado', '2025-01-11 19:09:23', '0000-00-00 00:00:00'),
(16, 'PULIDA DE FAROS', '2025-01-11 19:09:40', '0000-00-00 00:00:00'),
(17, 'COLOCACIÓN DE LÁMINAS POLARIZADAS', '2025-01-11 19:10:09', '0000-00-00 00:00:00'),
(18, 'LUBRICANTES', '2025-01-11 19:10:25', '0000-00-00 00:00:00'),
(19, 'REPUESTOS DE MOTOS', '2025-01-11 19:10:46', '0000-00-00 00:00:00'),
(20, 'ACCESORIOS PARA AUTOS', '2025-01-11 19:11:00', '0000-00-00 00:00:00');

-- --------------------------------------------------------

--
-- Estructura de tabla para la tabla `tb_clientes`
--

CREATE TABLE `tb_clientes` (
  `id_cliente` int(11) NOT NULL,
  `nombre_cliente` text NOT NULL,
  `celular` text NOT NULL,
  `cedula` text NOT NULL,
  `ruc` text NOT NULL,
  `descripcion_vehiculo` text NOT NULL,
  `direccion` text NOT NULL,
  `fyh_creacion` datetime NOT NULL,
  `fyh_actualizacion` datetime NOT NULL
) ENGINE=InnoDB DEFAULT CHARSET=utf8mb4;

--
-- Volcado de datos para la tabla `tb_clientes`
--

INSERT INTO `tb_clientes` (`id_cliente`, `nombre_cliente`, `celular`, `cedula`, `ruc`, `descripcion_vehiculo`, `direccion`, `fyh_creacion`, `fyh_actualizacion`) VALUES
(1, 'Stephanie Bustamante', '0975132675', '7137247', '0', 'Kia-Picanto-2018-Gris', 'Mil Viviendas', '2025-01-12 20:08:38', '2025-01-12 20:15:11');

-- --------------------------------------------------------

--
-- Estructura de tabla para la tabla `tb_compras`
--

CREATE TABLE `tb_compras` (
  `id_compra` int(11) NOT NULL,
  `id_producto` int(11) NOT NULL,
  `nro_compra` int(11) NOT NULL,
  `fecha_compra` date NOT NULL,
  `id_proveedor` int(11) NOT NULL,
  `comprobante` varchar(255) COLLATE utf8_spanish_ci NOT NULL,
  `id_usuario` int(11) NOT NULL,
  `precio_compra` varchar(50) COLLATE utf8_spanish_ci NOT NULL,
  `cantidad` int(11) NOT NULL,
  `fyh_creacion` datetime NOT NULL,
  `fyh_actualizacion` datetime NOT NULL
) ENGINE=InnoDB DEFAULT CHARSET=utf8 COLLATE=utf8_spanish_ci;

--
-- Volcado de datos para la tabla `tb_compras`
--

INSERT INTO `tb_compras` (`id_compra`, `id_producto`, `nro_compra`, `fecha_compra`, `id_proveedor`, `comprobante`, `id_usuario`, `precio_compra`, `cantidad`, `fyh_creacion`, `fyh_actualizacion`) VALUES
(1, 1, 1, '2023-02-12', 10, 'FACTURA', 1, '200', 50, '2023-02-12 23:37:24', '2023-02-12 23:37:24'),
(2, 3, 2, '2023-02-17', 10, 'FACTURA NRO 120', 1, '5000', 50, '2023-02-17 22:35:24', '0000-00-00 00:00:00'),
(3, 1, 3, '2023-02-17', 10, 'NOTA DE VENTA NRO 523', 1, '250', 100, '2023-02-17 22:37:33', '0000-00-00 00:00:00'),
(4, 3, 4, '2023-02-21', 10, 'FACTURA NRO 300', 1, '5000', 50, '2023-02-21 17:08:58', '0000-00-00 00:00:00'),
(5, 3, 5, '2023-02-21', 10, 'NOTA DE VENTA 0001', 1, '1000', 20, '2023-02-21 17:10:16', '2023-03-05 22:17:59'),
(6, 1, 6, '2023-02-21', 10, 'FACTURA NRO 320', 1, '2350', 150, '2023-02-21 17:11:12', '0000-00-00 00:00:00'),
(9, 1, 7, '2025-01-11', 11, 'MLKML', 1, '9', 5, '2025-01-11 18:09:50', '0000-00-00 00:00:00'),
(10, 2, 8, '2025-01-12', 10, 'FACTURA 08', 1, '100', 10, '2025-01-12 16:01:40', '0000-00-00 00:00:00');

-- --------------------------------------------------------

--
-- Estructura de tabla para la tabla `tb_proveedores`
--

CREATE TABLE `tb_proveedores` (
  `id_proveedor` int(11) NOT NULL,
  `nombre_proveedor` varchar(255) COLLATE utf8_spanish_ci NOT NULL,
  `celular` varchar(50) COLLATE utf8_spanish_ci NOT NULL,
  `telefono` varchar(50) COLLATE utf8_spanish_ci DEFAULT NULL,
  `empresa` varchar(255) COLLATE utf8_spanish_ci NOT NULL,
  `email` varchar(50) COLLATE utf8_spanish_ci DEFAULT NULL,
  `direccion` varchar(255) COLLATE utf8_spanish_ci NOT NULL,
  `fyh_creacion` datetime NOT NULL,
  `fyh_actualizacion` datetime NOT NULL
) ENGINE=InnoDB DEFAULT CHARSET=utf8 COLLATE=utf8_spanish_ci;

--
-- Volcado de datos para la tabla `tb_proveedores`
--

INSERT INTO `tb_proveedores` (`id_proveedor`, `nombre_proveedor`, `celular`, `telefono`, `empresa`, `email`, `direccion`, `fyh_creacion`, `fyh_actualizacion`) VALUES
(10, 'Jose Quente', '75657007', '27736632', 'CASCADA', 'hilariweb@gmail.com', 'Av. del Maestro S/N', '2023-02-12 18:27:10', '0000-00-00 00:00:00'),
(11, 'Maria Quispe Montes', '74664754', '28837773', 'COPELMEX', 'maria@gmail.com', 'av. panamerica nro 540', '2023-02-14 16:23:39', '0000-00-00 00:00:00');

-- --------------------------------------------------------

--
-- Estructura de tabla para la tabla `tb_roles`
--

CREATE TABLE `tb_roles` (
  `id_rol` int(11) NOT NULL,
  `rol` varchar(255) COLLATE utf8_spanish_ci NOT NULL,
  `fyh_creacion` datetime NOT NULL,
  `fyh_actualizacion` datetime NOT NULL
) ENGINE=InnoDB DEFAULT CHARSET=utf8 COLLATE=utf8_spanish_ci;

--
-- Volcado de datos para la tabla `tb_roles`
--

INSERT INTO `tb_roles` (`id_rol`, `rol`, `fyh_creacion`, `fyh_actualizacion`) VALUES
(1, 'ADMINISTRADOR', '2023-01-23 23:15:19', '2023-01-23 23:15:19'),
(3, 'GERENTE', '2023-01-23 19:11:28', '2025-01-12 12:34:37'),
(4, 'EMPLEADO DE VENTAS', '2023-01-23 21:09:54', '2025-01-12 12:35:03'),
(5, 'EMPLEADO DE SERVICIOS', '2023-01-24 08:28:24', '2025-01-12 12:50:16');

-- --------------------------------------------------------

--
-- Estructura de tabla para la tabla `tb_usuarios`
--

CREATE TABLE `tb_usuarios` (
  `id_usuario` int(11) NOT NULL,
  `nombres` varchar(255) COLLATE utf8_spanish_ci NOT NULL,
  `email` varchar(255) COLLATE utf8_spanish_ci NOT NULL,
  `password_user` text COLLATE utf8_spanish_ci NOT NULL,
  `token` varchar(100) COLLATE utf8_spanish_ci NOT NULL,
  `id_rol` int(11) NOT NULL,
  `fyh_creacion` datetime NOT NULL,
  `fyh_actualizacion` datetime NOT NULL
) ENGINE=InnoDB DEFAULT CHARSET=utf8 COLLATE=utf8_spanish_ci;

--
-- Volcado de datos para la tabla `tb_usuarios`
--

INSERT INTO `tb_usuarios` (`id_usuario`, `nombres`, `email`, `password_user`, `token`, `id_rol`, `fyh_creacion`, `fyh_actualizacion`) VALUES
(1, 'MARÍA JOSÉ ', 'hilariweb@gmail.com', '$2y$10$GS9mqmA2pZ4aEbVuc90/OO8p2PS1JzReOAjVGQY6UduOv8BHtCBxi', '', 1, '2023-01-24 15:16:01', '2025-01-11 18:06:50'),
(2, 'MICA', 'micabustamante00@gmail.com', '$2y$10$xlsWuxX52H/qTcotSxEBMuqe5/xm0UOcKQKXPrI2pIJgBk9W2TJky', '', 3, '2025-01-11 19:12:09', '0000-00-00 00:00:00');

--
-- Índices para tablas volcadas
--

--
-- Indices de la tabla `tb_almacen`
--
ALTER TABLE `tb_almacen`
  ADD PRIMARY KEY (`id_producto`),
  ADD KEY `id_usuario` (`id_usuario`),
  ADD KEY `id_categoria` (`id_categoria`);

--
-- Indices de la tabla `tb_categorias`
--
ALTER TABLE `tb_categorias`
  ADD PRIMARY KEY (`id_categoria`);

--
-- Indices de la tabla `tb_clientes`
--
ALTER TABLE `tb_clientes`
  ADD PRIMARY KEY (`id_cliente`);

--
-- Indices de la tabla `tb_compras`
--
ALTER TABLE `tb_compras`
  ADD PRIMARY KEY (`id_compra`),
  ADD KEY `id_producto` (`id_producto`),
  ADD KEY `id_proveedor` (`id_proveedor`),
  ADD KEY `id_usuario` (`id_usuario`);

--
-- Indices de la tabla `tb_proveedores`
--
ALTER TABLE `tb_proveedores`
  ADD PRIMARY KEY (`id_proveedor`);

--
-- Indices de la tabla `tb_roles`
--
ALTER TABLE `tb_roles`
  ADD PRIMARY KEY (`id_rol`);

--
-- Indices de la tabla `tb_usuarios`
--
ALTER TABLE `tb_usuarios`
  ADD PRIMARY KEY (`id_usuario`),
  ADD KEY `id_rol` (`id_rol`);

--
-- AUTO_INCREMENT de las tablas volcadas
--

--
-- AUTO_INCREMENT de la tabla `tb_almacen`
--
ALTER TABLE `tb_almacen`
  MODIFY `id_producto` int(11) NOT NULL AUTO_INCREMENT, AUTO_INCREMENT=5;

--
-- AUTO_INCREMENT de la tabla `tb_categorias`
--
ALTER TABLE `tb_categorias`
  MODIFY `id_categoria` int(11) NOT NULL AUTO_INCREMENT, AUTO_INCREMENT=21;

--
-- AUTO_INCREMENT de la tabla `tb_clientes`
--
ALTER TABLE `tb_clientes`
  MODIFY `id_cliente` int(11) NOT NULL AUTO_INCREMENT, AUTO_INCREMENT=3;

--
-- AUTO_INCREMENT de la tabla `tb_compras`
--
ALTER TABLE `tb_compras`
  MODIFY `id_compra` int(11) NOT NULL AUTO_INCREMENT, AUTO_INCREMENT=11;

--
-- AUTO_INCREMENT de la tabla `tb_proveedores`
--
ALTER TABLE `tb_proveedores`
  MODIFY `id_proveedor` int(11) NOT NULL AUTO_INCREMENT, AUTO_INCREMENT=12;

--
-- AUTO_INCREMENT de la tabla `tb_roles`
--
ALTER TABLE `tb_roles`
  MODIFY `id_rol` int(11) NOT NULL AUTO_INCREMENT, AUTO_INCREMENT=6;

--
-- AUTO_INCREMENT de la tabla `tb_usuarios`
--
ALTER TABLE `tb_usuarios`
  MODIFY `id_usuario` int(11) NOT NULL AUTO_INCREMENT, AUTO_INCREMENT=3;

--
-- Restricciones para tablas volcadas
--

--
-- Filtros para la tabla `tb_almacen`
--
ALTER TABLE `tb_almacen`
  ADD CONSTRAINT `tb_almacen_ibfk_1` FOREIGN KEY (`id_categoria`) REFERENCES `tb_categorias` (`id_categoria`) ON UPDATE CASCADE,
  ADD CONSTRAINT `tb_almacen_ibfk_2` FOREIGN KEY (`id_usuario`) REFERENCES `tb_usuarios` (`id_usuario`) ON DELETE NO ACTION ON UPDATE CASCADE;

--
-- Filtros para la tabla `tb_compras`
--
ALTER TABLE `tb_compras`
  ADD CONSTRAINT `tb_compras_ibfk_2` FOREIGN KEY (`id_producto`) REFERENCES `tb_almacen` (`id_producto`) ON DELETE NO ACTION ON UPDATE CASCADE,
  ADD CONSTRAINT `tb_compras_ibfk_3` FOREIGN KEY (`id_usuario`) REFERENCES `tb_usuarios` (`id_usuario`) ON DELETE NO ACTION ON UPDATE CASCADE,
  ADD CONSTRAINT `tb_compras_ibfk_4` FOREIGN KEY (`id_proveedor`) REFERENCES `tb_proveedores` (`id_proveedor`) ON DELETE NO ACTION ON UPDATE NO ACTION;

--
-- Filtros para la tabla `tb_usuarios`
--
ALTER TABLE `tb_usuarios`
  ADD CONSTRAINT `tb_usuarios_ibfk_1` FOREIGN KEY (`id_rol`) REFERENCES `tb_roles` (`id_rol`) ON UPDATE CASCADE;
COMMIT;
